"”sepall”","”sepalw”","”petall”","”petalw”","”species”"
0.249999999999999,0.111111111111111,-0.500000000000001,-1,1
-0.249999999999999,-1,-0.500000000000001,-1,1
-0.749999999999999,-0.555555555555555,-1,-1,1
-1,-0.777777777777778,0,-1,1
0,0.333333333333334,-0.500000000000001,-1,1
1,1,1,1,1
-1,-0.111111111111111,-0.500000000000001,-0.00000000000000022204,1
0,-0.111111111111111,0,-1,1
